{"XGBoost": 0.300248078103834, "RandomForest": 0.3452447374433302, "LinearReg": 0.35450718445283586}