{"XGBoost": 0.29984068286406423, "RandomForest": 0.3461331500482147, "LinearReg": 0.35402616708772117}