{"XGBoost": 0.29983513785884, "RandomForest": 0.3461452421201255, "LinearReg": 0.35401962002103465}