{"XGBoost": 0.3015191917551544, "RandomForest": 0.3424728017901006, "LinearReg": 0.35600800645474495}