{"XGBoost": 0.30701635711653175, "RandomForest": 0.34012994076096864, "LinearReg": 0.35285370212249967}