{"XGBoost": 0.3015187697117591, "RandomForest": 0.34247372214614696, "LinearReg": 0.35600750814209386}