{"XGBoost": 0.30100971597976073, "RandomForest": 0.34358382287370204, "LinearReg": 0.3554064611465373}