Volume,mean_squared_error
0,250.85175902992486
1,333.47579747307185
