{"XGBoost": 0.30139559765568713, "RandomForest": 0.3427423252040663, "LinearReg": 0.35586207714024665}