{"XGBoost": 0.3000514315065102, "RandomForest": 0.34567356748039396, "LinearReg": 0.35427500101309584}