{"XGBoost": 0.3008844895926235, "RandomForest": 0.3438569058406502, "LinearReg": 0.3552586045667264}