{"XGBoost": 0.3001838117657797, "RandomForest": 0.345384883962542, "LinearReg": 0.3544313042716783}