{"XGBoost": 0.3004565340887964, "RandomForest": 0.3447901545063552, "LinearReg": 0.35475331140484856}