{"XGBoost": 0.3001449999419882, "RandomForest": 0.34546952145976567, "LinearReg": 0.35438547859824615}